{
  "version": 1,
  "author": "Swarna Umasankar",
  "editor": "wokwi",
  "parts": [
    { "type": "wokwi-pi-pico", "id": "pico", "top": 64.05, "left": 22.8, "attrs": {} },
    {
      "type": "wokwi-stepper-motor",
      "id": "stepper1",
      "top": -73.19,
      "left": 144.43,
      "attrs": { "size": "17" }
    },
    {
      "type": "wokwi-led",
      "id": "led1",
      "top": 63.6,
      "left": -159.4,
      "attrs": { "color": "red" }
    },
    {
      "type": "wokwi-resistor",
      "id": "r2",
      "top": 157,
      "left": -96.85,
      "rotate": 270,
      "attrs": { "value": "1000" }
    },
    { "type": "wokwi-hc-sr04", "id": "ultrasonic1", "top": -46.5, "left": -128.9, "attrs": {} }
  ],
  "connections": [
    [ "pico:GP0", "$serialMonitor:RX", "", [] ],
    [ "pico:GP1", "$serialMonitor:TX", "", [] ],
    [ "led1:A", "r2:2", "blue", [ "v19.2", "h67.2", "v0" ] ],
    [ "r2:1", "pico:3V3", "blue", [ "h9.6", "v9.6", "h-28.8" ] ],
    [ "led1:C", "pico:GND.4", "gray", [ "v19.2", "h0.4", "v9.6", "h-9.6", "v-57.6" ] ],
    [ "ultrasonic1:GND", "pico:GND.1", "gray", [ "v0" ] ],
    [ "ultrasonic1:VCC", "stepper1:B+", "red", [ "v0" ] ],
    [ "ultrasonic1:ECHO", "pico:GP3", "gold", [ "v0" ] ],
    [ "ultrasonic1:TRIG", "pico:GP2", "magenta", [ "v0" ] ],
    [ "pico:VSYS", "stepper1:A+", "green", [ "h0" ] ],
    [ "pico:GND.8", "stepper1:B-", "gray", [ "h0" ] ],
    [ "pico:GP4", "stepper1:A-", "orange", [ "h0" ] ]
  ],
  "dependencies": {}
}